Cuenta;Categoría;Descripción;Asignado;Modificado;Codificado;Monto certificado;Comprometido;Devengado;Pagado;Saldo por comprometer;Saldo por devengar;Saldo por pagar;Porcentaje de ejecución
5;EGRESOS DE PERSONAL CORRIENTE;GASTOS CORRIENTES;1.479.588,24;-7000;1.472.588,24;1.291.657,26;1.283.754,60;1.241.949,38;1.202.653,29;7.902,66;41.805,22;269934,95;84,34
51;EGRESOS DE PERSONAL CORRIENTE;GASTOS EN PERSONAL;1.273.525,23;-1453,59;1.272.071,64;1.143.534,23;1.143.197,00;1.108.778,52;1.071.049,64;337,23;34.418,48;201022;87,16
51.01;EGRESOS DE PERSONAL CORRIENTE;Remuneraciones Basicas;864.528,00;0;864.528,00;814.040,40;814.040,40;785.119,47;765.679,32;0;28.920,93;98848,68;90,81
51.01.05;EGRESOS DE PERSONAL CORRIENTE;Remuneraciones Unificadas;568.968,00;0;568.968,00;545.214,17;545.214,17;516.293,24;505.198,07;0;28.920,93;63769,93;90,74
51.01.06;EGRESOS DE PERSONAL CORRIENTE;Salarios Unificados;295.560,00;0;295.560,00;268.826,23;268.826,23;268.826,23;260.481,25;0;0;35078,75;90,95
51.02;EGRESOS DE PERSONAL CORRIENTE;Remuneraciones Complementarias;109.094,00;5630;114.724,00;106.030,45;106.030,45;104.855,68;97.350,96;0;1.174,77;17373,04;91,4
51.02.03;EGRESOS DE PERSONAL CORRIENTE;Decimo Tercer Sueldo;72.044,00;0;72.044,00;66.375,31;66.375,31;65.458,63;64.724,27;0;916,68;7319,73;90,86
51.02.04;EGRESOS DE PERSONAL CORRIENTE;Decimo Cuarto Sueldo;37.050,00;5630;42.680,00;39.655,14;39.655,14;39.397,05;32.626,69;0;258,09;10053,31;92,31
51.03;EGRESOS DE PERSONAL CORRIENTE;Remuneraciones Compensatorias;56.456,40;-1453,59;55.002,81;21.884,13;21.884,13;21.884,13;21.872,03;0;0;33130,78;39,79
51.03.04;EGRESOS DE PERSONAL CORRIENTE;Compensacion por Transporte;3.260,40;0;3.260,40;2.003,50;2.003,50;2.003,50;1.999,50;0;0;1260,9;61,45
51.03.06;EGRESOS DE PERSONAL CORRIENTE;Alimentacion;53.196,00;-1453,59;51.742,41;19.880,63;19.880,63;19.880,63;19.872,53;0;0;31869,88;38,42
51.04;EGRESOS DE PERSONAL CORRIENTE;Subsidios;5.056,09;0;5.056,09;2.422,24;2.422,24;2.422,24;2.418,28;0;0;2637,81;47,91
51.04.01;EGRESOS DE PERSONAL CORRIENTE;Por Cargas Familiares;1.151,28;0;1.151,28;415,84;415,84;415,84;414,92;0;0;736,36;36,12
51.04.08;EGRESOS DE PERSONAL CORRIENTE;Subsidio de Antiguedad;3.904,81;0;3.904,81;2.006,40;2.006,40;2.006,40;2.003,36;0;0;1901,45;51,38
51.05;EGRESOS DE PERSONAL CORRIENTE;Remuneraciones Temporales;11.080,00;-4110;6.970,00;4.320,93;3.983,70;3.983,70;2.333,70;337,23;0;4636,3;57,15
51.05.12;EGRESOS DE PERSONAL CORRIENTE;Subrogacion;11.080,00;-4110;6.970,00;4.320,93;3.983,70;3.983,70;2.333,70;337,23;0;4636,3;57,15
51.06;EGRESOS DE PERSONAL CORRIENTE;Aportes Patronales a la Seguridad Social;174.210,74;-1520;172.690,74;144.637,33;144.637,33;140.314,55;131.196,60;0;4.322,78;41494,14;81,25
51.06.01;EGRESOS DE PERSONAL CORRIENTE;Aporte Patronal;102.195,45;-1110;101.085,45;94.226,64;94.226,64;91.435,75;82.950,57;0;2.790,89;18134,88;90,45
51.06.02;EGRESOS DE PERSONAL CORRIENTE;Fondo de Reserva;72.015,29;-410;71.605,29;50.410,69;50.410,69;48.878,80;48.246,03;0;1.531,89;23359,26;68,26
51.07;EGRESOS DE PERSONAL CORRIENTE;Indemnizaciones;53.100,00;0;53.100,00;50.198,75;50.198,75;50.198,75;50.198,75;0;0;2901,25;94,54
51.07.06;EGRESOS DE PERSONAL CORRIENTE;Beneficio por Jubilación;53.100,00;0;53.100,00;50.198,75;50.198,75;50.198,75;50.198,75;0;0;2901,25;94,54
53;BIENES Y SERVICIOS CORRIENTES;BIENES Y SERVICIOS DE CONSUMO;65.918,49;-5546,41;60.372,08;33.681,71;26.116,28;25.529,18;23.961,97;7.565,43;587,1;36410,11;42,29
53.02;BIENES Y SERVICIOS CORRIENTES;Servicios Generales;6.418,88;3257,8;9.676,68;9.676,68;6.176,50;6.176,50;6.176,50;3.500,18;0;3500,18;63,83
53.02.08;BIENES Y SERVICIOS CORRIENTES;Servicio de Seguridad y Vigilancia;2.127,88;3489,62;5.617,50;5.617,50;2.117,50;2.117,50;2.117,50;3.500,00;0;3500;37,69
53.02.55;BIENES Y SERVICIOS CORRIENTES;Combustibles;4.291,00;-231,82;4.059,18;4.059,18;4.059,00;4.059,00;4.059,00;0,18;0;0,18;100
53.03;BIENES Y SERVICIOS CORRIENTES;Traslados Instalaciones Viaticos y Subsistencias;20.000,00;0;20.000,00;4.047,67;4.047,67;3.460,57;2.059,26;0;587,1;17940,74;17,3
53.03.03;BIENES Y SERVICIOS CORRIENTES;Pasajes al Exterior;10.000,00;0;10.000,00;3.460,57;3.460,57;3.460,57;2.059,26;0;0;7940,74;34,61
53.03.04;BIENES Y SERVICIOS CORRIENTES;Viaticos y Subsistencias en el Exterior;10.000,00;0;10.000,00;587,1;587,1;0;0;0;587,1;10000;0
53.06;BIENES Y SERVICIOS CORRIENTES;Contratacion de Estudios Investigaciones y Servicios Tecnicos Especializados;18.076,45;-7000;11.076,45;2.929,72;1.266,66;1.266,66;1.266,66;1.663,06;0;9809,79;11,44
53.06.06;BIENES Y SERVICIOS CORRIENTES;Honorarios por Contratos Civiles de Servicios;10.000,00;0;10.000,00;2.929,72;1.266,66;1.266,66;1.266,66;1.663,06;0;8733,34;12,67
53.06.12;BIENES Y SERVICIOS CORRIENTES;Capacitacion a Servidores Publicos;8.076,45;-7000;1.076,45;0;0;0;0;0;0;1076,45;0
53.07;BIENES Y SERVICIOS CORRIENTES;Egresos en Informatica;300;0;300;0;0;0;0;0;0;300;0
53.07.04;BIENES Y SERVICIOS CORRIENTES;Mantenimiento y Reparacion de Equipos y Sistemas Informaticos;300;0;300;0;0;0;0;0;0;300;0
53.08;BIENES Y SERVICIOS CORRIENTES;Bienes de Uso y Consumo Corriente;21.123,16;-1804,21;19.318,95;17.027,64;14.625,45;14.625,45;14.459,55;2.402,19;0;4859,4;75,71
53.08.02;BIENES Y SERVICIOS CORRIENTES;Vestuario Lenceria Prendas de Proteccion y Accesorios para uniformes del personal de Proteccion Vigilancia y;21.123,16;-1804,21;19.318,95;17.027,64;14.625,45;14.625,45;14.459,55;2.402,19;0;4859,4;75,71
56;BIENES Y SERVICIOS CORRIENTES;EGRESOS FINANCIEROS;137.300,07;0;137.300,07;112.285,35;112.285,35;105.485,71;105.485,71;0;6.799,64;31814,36;76,83
56.01;BIENES Y SERVICIOS CORRIENTES;Titulos Valores en Circulacion;8.000,00;0;8.000,00;8.000,00;8.000,00;1.200,36;1.200,36;0;6.799,64;6799,64;15
56.01.06;EGRESOS FINANCIEROS CORRIENTES;Descuentos Comisiones y Otros Cargos en Titulos Valores;8.000,00;0;8.000,00;8.000,00;8.000,00;1.200,36;1.200,36;0;6.799,64;6799,64;15
56.02;EGRESOS FINANCIEROS CORRIENTES;Intereses y Otros Cargos de la Deuda Publica Interna;129.300,07;0;129.300,07;104.285,35;104.285,35;104.285,35;104.285,35;0;0;25014,72;80,65
56.02.01;EGRESOS FINANCIEROS CORRIENTES;Sector Publico Financiero;129.300,07;0;129.300,07;104.285,35;104.285,35;104.285,35;104.285,35;0;0;25014,72;80,65
57;EGRESOS FINANCIEROS CORRIENTES;OTROS EGRESOS CORRIENTES;2.844,45;0;2.844,45;2.155,97;2.155,97;2.155,97;2.155,97;0;0;688,48;75,8
57.02;EGRESOS FINANCIEROS CORRIENTES;Seguros Costos Financieros y Otros Egresos;2.844,45;0;2.844,45;2.155,97;2.155,97;2.155,97;2.155,97;0;0;688,48;75,8
57.02.03;OTROS EGRESOS CORRIENTES;Comisiones Bancarias;2.844,45;0;2.844,45;2.155,97;2.155,97;2.155,97;2.155,97;0;0;688,48;75,8
7;OTROS EGRESOS CORRIENTES;GASTOS DE INVERSION;14.646.536,98;-789356;13.857.180,98;7.961.748,26;5.521.443,80;4.679.906,52;4.416.621,73;2.440.304,46;841.537,28;9440559,25;33,77
71;OTROS EGRESOS CORRIENTES;GASTOS EN PERSONAL PARA INVERSION;2.217.673,17;0;2.217.673,17;1.518.374,69;1.518.370,24;1.503.450,62;1.460.230,41;4,45;14.919,62;757442,76;67,79
71.01;OTROS EGRESOS CORRIENTES;Remuneraciones Basicas;254.592,00;0;254.592,00;216.617,40;216.617,40;212.494,99;208.902,33;0;4.122,41;45689,67;83,46
71.01.05;OTROS EGRESOS CORRIENTES;Remuneraciones Unificadas;254.592,00;0;254.592,00;216.617,40;216.617,40;212.494,99;208.902,33;0;4.122,41;45689,67;83,46
71.02;OTROS EGRESOS CORRIENTES;Remuneraciones Complementarias;217.985,95;860;218.845,95;157.918,05;157.918,05;157.241,13;148.503,65;0;676,92;70342,3;71,85
71.02.03;OTROS EGRESOS CORRIENTES;Decimo Tercer Sueldo;133.697,35;0;133.697,35;97.548,65;97.548,65;97.054,44;94.342,45;0;494,21;39354,9;72,59
71.02.04;TRANSFERENCIAS CORRIENTES;Decimo Cuarto Sueldo;84.288,60;860;85.148,60;60.369,40;60.369,40;60.186,69;54.161,20;0;182,71;30987,4;70,68
71.05;TRANSFERENCIAS CORRIENTES;Remuneraciones Temporales;1.350.264,14;-860;1.349.404,14;959.455,58;959.455,58;950.870,85;936.494,53;0;8.584,73;412909,61;70,47
71.05.10;TRANSFERENCIAS CORRIENTES;Servicios Personales por Contrato;1.345.115,38;1190;1.346.305,38;959.455,58;959.455,58;950.870,85;936.494,53;0;8.584,73;409810,85;70,63
71.05.12;INVERSION ;Subrogacion;5.148,76;-2050;3.098,76;0;0;0;0;0;0;3098,76;0
71.06;EGRESOS EN PERSONAL PARA INVERSION;Aportes Patronales a la Seguridad Social;344.043,30;0;344.043,30;166.751,27;166.751,27;165.215,71;149.992,13;0;1.535,56;194051,17;48,02
71.06.01;EGRESOS EN PERSONAL PARA INVERSION;Aporte Patronal;188.320,61;600;188.920,61;137.681,11;137.681,11;136.442,54;121.744,57;0;1.238,57;67176,04;72,22
71.06.02;EGRESOS EN PERSONAL PARA INVERSION;Fondo de Reserva;155.722,69;-600;155.122,69;29.070,16;29.070,16;28.773,17;28.247,56;0;296,99;126875,13;18,55
71.07;EGRESOS EN PERSONAL PARA INVERSION;Indemnizaciones;50.787,78;0;50.787,78;17.632,39;17.627,94;17.627,94;16.337,77;4,45;0;34450,01;34,71
71.07.07;EGRESOS EN PERSONAL PARA INVERSION;Compensacion por Vacaciones no Gozadas por Cesacion de Funciones;50.787,78;0;50.787,78;17.632,39;17.627,94;17.627,94;16.337,77;4,45;0;34450,01;34,71
73;EGRESOS EN PERSONAL PARA INVERSION;BIENES Y SERVICIOS PARA INVERSIÓN;3.982.517,60;-282289,33;3.700.228,27;2.092.165,10;1.562.119,74;961.794,84;864.066,83;530.045,36;600.324,90;2836161,44;25,99
73.01;EGRESOS EN PERSONAL PARA INVERSION;Servicios Basicos;63.245,07;6000;69.245,07;54.108,59;35.887,16;35.057,74;33.318,44;18.221,43;829,42;35926,63;50,63
73.01.04;EGRESOS EN PERSONAL PARA INVERSION;Energia Electrica;22.023,18;0;22.023,18;15.986,36;12.361,73;12.341,72;10.603,38;3.624,63;20,01;11419,8;56,04
73.01.05;EGRESOS EN PERSONAL PARA INVERSION;Telecomunicaciones;41.221,89;6000;47.221,89;38.122,23;23.525,43;22.716,02;22.715,06;14.596,80;809,41;24506,83;48,1
73.02;EGRESOS EN PERSONAL PARA INVERSION;Servicios Generales;527.763,44;54770,89;582.534,33;452.801,11;351.930,56;351.930,55;339.977,41;100.870,55;0,01;242556,92;60,41
73.02.01;EGRESOS EN PERSONAL PARA INVERSION;Transporte de Personal;778,2;0;778,2;0;0;0;0;0;0;778,2;0
73.02.04;EGRESOS EN PERSONAL PARA INVERSION;Edicion Impresion Reproduccion Publicaciones Suscripciones Fotocopiado Traducción Empastado Enmarcacion;44.968,48;-12877,5;32.090,98;3.012,50;3.012,50;3.012,50;300;0;0;31790,98;9,39
73.02.05;EGRESOS EN PERSONAL PARA INVERSION;Espectaculos Culturales y Sociales;195.858,43;62800;258.658,43;218.895,00;202.396,00;202.396,00;200.986,74;16.499,00;0;57671,69;78,25
73.02.07;EGRESOS EN PERSONAL PARA INVERSION;Difusion Información y Publicidad;31.968,87;0;31.968,87;9.150,00;6.000,00;6.000,00;4.958,75;3.150,00;0;27010,12;18,77
73.02.22;EGRESOS EN PERSONAL PARA INVERSION;Servicios y Derechos en Produccion y Programacion de Radio y Television;6.000,00;11627,5;17.627,50;10.627,60;10.220,00;10.220,00;9.548,95;407,6;0;8078,55;57,98
73.02.24;EGRESOS EN PERSONAL PARA INVERSION;Servicio de Implementacion de Bancos de Informacion;1;0;1;0;0;0;0;0;0;1;0
73.02.35;EGRESOS EN PERSONAL PARA INVERSION;Servicio de Alimentacion;58.789,10;-6600;52.189,10;24.014,03;13.308,61;13.308,61;13.308,61;10.705,42;0;38880,49;25,5
73.02.43;EGRESOS EN PERSONAL PARA INVERSION;Garantia Extendida de Bienes;5.000,00;0;5.000,00;5.000,00;0;0;0;5.000,00;0;5000;0
73.02.55;EGRESOS EN PERSONAL PARA INVERSION;Combustible;184.399,36;-179,11;184.220,25;182.101,98;116.993,45;116.993,44;110.874,36;65.108,53;0,01;73345,89;63,51
73.03;EGRESOS EN PERSONAL PARA INVERSION;Traslados Instalaciones Viaticos y Subsistencias;5.617,60;0;5.617,60;4.871,56;4.871,56;4.764,06;4.345,04;0;107,5;1272,56;84,81
73.03.03;EGRESOS EN PERSONAL PARA INVERSION;Viaticos y Subsistencias en el Interior;5.000,00;0;5.000,00;4.871,56;4.871,56;4.764,06;4.345,04;0;107,5;654,96;95,28
73.03.04;BIENES Y SERVICIOS DE INVERSION ;Viaticos y Subsistencias en el Exterior;617,6;0;617,6;0;0;0;0;0;0;617,6;0
73.04;BIENES Y SERVICIOS DE INVERSION ;Instalacion Mantenimiento y Reparacion;685.793,28;-77701,6;608.091,68;302.326,02;126.991,67;105.874,75;91.007,74;175.334,35;21.116,92;517083,94;17,41
73.04.02;BIENES Y SERVICIOS DE INVERSION ;Edificios Locales Residencias y Cableado Estructurado Mantenimiento Reparacion e Instalacion;143.000,00;-61623,68;81.376,32;61.662,85;56.936,49;56.936,49;43.973,64;4.726,36;0;37402,68;69,97
73.04.03;BIENES Y SERVICIOS DE INVERSION ;Mobiliarios Instalacion Mantenimiento y Reparacion;14.990,00;-1000;13.990,00;0;0;0;0;0;0;13990;0
73.04.04;BIENES Y SERVICIOS DE INVERSION ;Maquinarias y Equipos Instalacion Mantenimiento y Reparacion;172.047,55;-7500;164.547,55;25.801,38;16.983,39;16.983,39;15.615,63;8.817,99;0;148931,92;10,32
73.04.05;BIENES Y SERVICIOS DE INVERSION ;Vehiculos Servicio para Mantenimiento y Reparacion;20.346,65;0;20.346,65;13.925,27;3.591,30;3.591,30;3.551,27;10.333,97;0;16795,38;17,65
73.04.17;BIENES Y SERVICIOS DE INVERSION ;Infraestructura;335.409,08;-7577,92;327.831,16;200.936,52;49.480,49;28.363,57;27.867,20;151.456,03;21.116,92;299963,96;8,65
73.05;BIENES Y SERVICIOS DE INVERSION ;Arrendamiento de Bienes;22.401,00;90000;112.401,00;96.600,00;90.000,00;90.000,00;87.525,00;6.600,00;0;24876;80,07
73.05.01;BIENES Y SERVICIOS DE INVERSION ;Terrenos Arrendamiento;2.400,00;0;2.400,00;0;0;0;0;0;0;2400;0
73.05.04;BIENES Y SERVICIOS DE INVERSION ;Maquinarias y Equipos Arrendamiento;20.001,00;90000;110.001,00;96.600,00;90.000,00;90.000,00;87.525,00;6.600,00;0;22476;81,82
73.06;BIENES Y SERVICIOS DE INVERSION ;Contratacion de Estudios Investigaciones y Servicios Tecnicos Especializados;1.236.313,63;-292757,62;943.556,01;494.115,13;319.296,28;122.732,28;101.342,28;174.818,85;196.564,00;842213,73;13,01
73.06.01;BIENES Y SERVICIOS DE INVERSION ;Consultoria Asesoria e Investigacion Especializada;1.006.542,28;-215457,62;791.084,66;462.097,45;287.725,00;93.925,00;72.535,00;174.372,45;193.800,00;718549,66;11,87
73.06.03;BIENES Y SERVICIOS DE INVERSION ;Servicio de Capacitacion;1;0;1;0;0;0;0;0;0;1;0
73.06.04;BIENES Y SERVICIOS DE INVERSION ;Fiscalizacion e Inspecciones Tecnicas;6.569,61;0;6.569,61;0;0;0;0;0;0;6569,61;0
73.06.05;BIENES Y SERVICIOS DE INVERSION ;Estudio y Diseño de Proyectos;60.000,00;-60000;0;0;0;0;0;0;0;0;0
73.06.06;BIENES Y SERVICIOS DE INVERSION ;Honorarios por Contratos Civiles de Servicios;68.376,74;0;68.376,74;13.689,28;13.689,28;13.689,28;13.689,28;0;0;54687,46;20,02
73.06.09;BIENES Y SERVICIOS DE INVERSION ;Investigaciones Profesionales y Analisis de Laboratorio;65.624,00;-1500;64.124,00;11.928,40;11.482,00;8.718,00;8.718,00;446,4;2.764,00;55406;13,6
73.06.12;BIENES Y SERVICIOS DE INVERSION ;Capacitacion a Servidores Publicos;6.200,00;-6000;200;0;0;0;0;0;0;200;0
73.06.13;BIENES Y SERVICIOS DE INVERSION ;Capacitacion para la Ciudadania en General;23.000,00;-9800;13.200,00;6.400,00;6.400,00;6.400,00;6.400,00;0;0;6800;48,48
73.07;BIENES Y SERVICIOS DE INVERSION ;Egresos en Informatica;32.002,00;0;32.002,00;12.054,26;8.698,34;8.698,34;8.686,79;3.355,92;0;23315,21;27,18
73.07.02;BIENES Y SERVICIOS DE INVERSION ;Arrendamiento y Licencias de Uso de Paquetes Informaticos;27.001,00;-12000;15.001,00;7.808,34;7.808,34;7.808,34;7.808,34;0;0;7192,66;52,05
73.07.03;BIENES Y SERVICIOS DE INVERSION ;Arrendamiento de Equipos Informaticos;1;0;1;0;0;0;0;0;0;1;0
73.07.04;BIENES Y SERVICIOS DE INVERSION ;Mantenimiento y Reparación de Equipos y Sistemas Informaticos;5.000,00;12000;17.000,00;4.245,92;890;890;878,45;3.355,92;0;16121,55;5,24
73.08;BIENES Y SERVICIOS DE INVERSION ;Bienes de Uso y Consumo de Inversion;1.066.422,38;-22690,8;1.043.731,58;506.005,19;479.298,17;152.341,78;146.360,79;26.707,02;326.956,39;897370,79;14,6
73.08.02;BIENES Y SERVICIOS DE INVERSION ;Vestuario Lenceria Prendas de Proteccion y Accesorios para uniformes del personal de Proteccion Vigilancia y;40.441,02;0;40.441,02;28.423,52;26.772,31;26.772,31;26.456,34;1.651,21;0;13984,68;66,2
73.08.03;BIENES Y SERVICIOS DE INVERSION ;Lubricantes;36.638,90;-3000;33.638,90;15.074,80;14.165,00;0;0;909,8;14.165,00;33638,9;0
73.08.04;BIENES Y SERVICIOS DE INVERSION ;Materiales de Oficina;56.995,64;6800;63.795,64;22.766,16;17.820,03;17.819,24;17.806,69;4.946,13;0,79;45988,95;27,93
73.08.05;BIENES Y SERVICIOS DE INVERSION ;Materiales de Aseo;13.011,71;5000;18.011,71;6.957,53;4.616,17;4.616,17;4.612,33;2.341,36;0;13399,38;25,63
73.08.09;BIENES Y SERVICIOS DE INVERSION ;Medicamentos;527,29;0;527,29;0;0;0;0;0;0;527,29;0
73.08.11;BIENES Y SERVICIOS DE INVERSION ;Insumos Materiales y Suministros para Construccion Electricidad Plomeria Carpinteria Senalización Vial;613.284,36;14628,32;627.912,68;321.321,12;315.772,07;54.638,87;48.992,12;5.549,05;261.133,20;578920,56;8,7
73.08.13;BIENES Y SERVICIOS DE INVERSION ;Repuestos y Accesorios;70.835,85;-985,14;69.850,71;57.004,64;53.541,84;1.884,44;1.884,44;3.462,80;51.657,40;67966,27;2,7
73.08.14;BIENES Y SERVICIOS DE INVERSION ;Suministros para Actividades Agropecuarias Pesca y Caza;31.461,00;0;31.461,00;0;0;0;0;0;0;31461;0
73.08.17;BIENES Y SERVICIOS DE INVERSION ;Productos Agricolas;27.320,00;0;27.320,00;21.137,00;21.137,00;21.137,00;21.137,00;0;0;6183;77,37
73.08.19;BIENES Y SERVICIOS DE INVERSION ;Accesorios e Insumos Quimicos y Organicos;86.748,64;-21133,98;65.614,66;6.026,56;5.953,75;5.953,75;5.951,87;72,81;0;59662,79;9,07
73.08.20;BIENES Y SERVICIOS DE INVERSION ;Menaje y Accesorios Descartables;23.271,83;0;23.271,83;364,25;0;0;0;364,25;0;23271,83;0
73.08.21;BIENES Y SERVICIOS DE INVERSION ;Egresos para Situaciones de Emergencia;3.003,00;-1500;1.503,00;0;0;0;0;0;0;1503;0
73.08.23;BIENES Y SERVICIOS DE INVERSION ;Egresos para Sanidad Agropecuaria;31.500,00;2500;34.000,00;26.929,61;19.520,00;19.520,00;19.520,00;7.409,61;0;14480;57,41
73.08.24;BIENES Y SERVICIOS DE INVERSION ;Insumos Bienes y Materiales para la Produccion de Programas de Radio y Television Eventos Culturales Artisticos y;31.001,00;-25000;6.001,00;0;0;0;0;0;0;6001;0
73.08.34;BIENES Y SERVICIOS DE INVERSION ;Protesis Endoprotesis e Implantes Corporales;382,14;0;382,14;0;0;0;0;0;0;382,14;0
73.14;BIENES Y SERVICIOS DE INVERSION ;Bienes Muebles no Depreciables;193.835,20;-32934,7;160.900,50;93.599,24;74.446,00;38.955,40;63,4;19.153,24;35.490,60;160837,1;24,21
73.14.03;BIENES Y SERVICIOS DE INVERSION ;Mobiliarios;32.542,86;-22800;9.742,86;1.709,04;0;0;0;1.709,04;0;9742,86;0
73.14.04;BIENES Y SERVICIOS DE INVERSION ;Maquinarias y Equipos;45.509,04;6975,5;52.484,54;48.975,50;38.147,00;38.147,00;0;10.828,50;0;52484,54;72,68
73.14.06;BIENES Y SERVICIOS DE INVERSION ;Herramientas y equipos menores;50.001,00;-3732,7;46.268,30;21.167,20;20.616,40;808,4;63,4;550,8;19.808,00;46204,9;1,75
73.14.08;BIENES Y SERVICIOS DE INVERSION ;Bienes Artisticos Culturales Bienes Deportivos y Simbolos Patrios;282,3;0;282,3;0;0;0;0;0;0;282,3;0
73.14.11;BIENES Y SERVICIOS DE INVERSION ;Partes y Repuestos;65.500,00;-13377,5;52.122,50;21.747,50;15.682,60;0;0;6.064,90;15.682,60;52122,5;0
73.15;BIENES Y SERVICIOS DE INVERSION ;Bienes Biologicos no Depreciables;149.124,00;-6975,5;142.148,50;75.684,00;70.700,00;51.439,94;51.439,94;4.984,00;19.260,06;90708,56;36,19
73.15.12;BIENES Y SERVICIOS DE INVERSION ;Semovientes;108.319,00;0;108.319,00;64.200,00;64.200,00;44.939,94;44.939,94;0;19.260,06;63379,06;41,49
73.15.14;BIENES Y SERVICIOS DE INVERSION ;Acuaticos;6.500,00;0;6.500,00;6.500,00;6.500,00;6.500,00;6.500,00;0;0;0;100
73.15.15;BIENES Y SERVICIOS DE INVERSION ;Plantas;34.305,00;-6975,5;27.329,50;4.984,00;0;0;0;4.984,00;0;27329,5;0
75;BIENES Y SERVICIOS DE INVERSION ;OBRAS PUBLICAS;7.640.326,38;-401116,67;7.239.209,71;3.921.673,52;2.045.247,87;1.819.000,31;1.699.602,29;1.876.425,65;226.247,56;5539607,42;25,13
75.01;BIENES Y SERVICIOS DE INVERSION ;Obras de Infraestructura;5.652.872,31;-188364,8;5.464.507,51;2.663.679,50;1.350.413,62;1.150.394,94;1.106.734,25;1.313.265,88;200.018,68;4357773,26;21,05
75.01.01;BIENES Y SERVICIOS DE INVERSION ;Agua Potable;725.002,00;-171463,02;553.538,98;92.825,55;48.259,09;48.259,09;48.259,09;44.566,46;0;505279,89;8,72
75.01.02;BIENES Y SERVICIOS DE INVERSION ;Riego y Manejo de Aguas;126.622,00;-27181,19;99.440,81;0;0;0;0;0;0;99440,81;0
75.01.03;BIENES Y SERVICIOS DE INVERSION ;Alcantarillado;327.832,20;-90577,49;237.254,71;43.445,67;43.445,67;43.333,07;43.240,85;0;112,6;194013,86;18,26
75.01.04;BIENES Y SERVICIOS DE INVERSION ;Urbanizacion y Embellecimiento;1.280.110,77;104459,56;1.384.570,33;270.389,71;178.866,48;178.595,29;171.891,72;91.523,23;271,19;1212678,61;12,9
75.01.05;BIENES Y SERVICIOS DE INVERSION ;Transporte y Vias;1.059.876,66;112133,58;1.172.010,24;974.449,60;175.387,43;37.300,26;37.288,22;799.062,17;138.087,17;1134722,02;3,18
75.01.07;BIENES Y SERVICIOS DE INVERSION ;Construcciones y Edificaciones;1.567.002,68;-169552,93;1.397.449,75;890.250,63;729.527,40;700.027,68;679.150,60;160.723,23;29.499,72;718299,15;50,09
75.01.09;BIENES Y SERVICIOS DE INVERSION ;Construcciones Agropecuarias;1;0;1;0;0;0;0;0;0;1;0
75.01.12;BIENES Y SERVICIOS DE INVERSION ;Formacion de Plantaciones;1;0;1;0;0;0;0;0;0;1;0
75.01.13;BIENES Y SERVICIOS DE INVERSION ;Explotacion de Aguas Subterraneas;1;0;1;0;0;0;0;0;0;1;0
75.01.14;BIENES Y SERVICIOS DE INVERSION ;Control de Inundaciones y Estabilizacion de Cauces;1;0;1;0;0;0;0;0;0;1;0
75.01.99;BIENES Y SERVICIOS DE INVERSION ;Otras Obras de Infraestructura;566.422,00;53816,69;620.238,69;392.318,34;174.927,55;142.879,55;126.903,77;217.390,79;32.048,00;493334,92;23,04
75.04;BIENES Y SERVICIOS DE INVERSION ;Obras en Lineas Redes e Instalaciones Electricas y Telecomunicaciones;1;0;1;0;0;0;0;0;0;1;0
75.04.01;BIENES Y SERVICIOS DE INVERSION ;Lineas Redes e Instalaciones Electricas;1;0;1;0;0;0;0;0;0;1;0
75.05;BIENES Y SERVICIOS DE INVERSION ;Mantenimiento y Reparaciones de Infraestructura;1.987.453,07;-212751,87;1.774.701,20;1.257.994,02;694.834,25;668.605,37;592.868,04;563.159,77;26.228,88;1181833,16;37,67
75.05.01;BIENES Y SERVICIOS DE INVERSION ;Obras de Infraestructura;1.987.453,07;-212751,87;1.774.701,20;1.257.994,02;694.834,25;668.605,37;592.868,04;563.159,77;26.228,88;1181833,16;37,67
77;BIENES Y SERVICIOS DE INVERSION ;OTROS EGRESOS DE INVERSION;256.801,44;-32200;224.601,44;155.493,67;121.664,67;121.619,47;118.680,92;33.829,00;45,2;105920,52;54,15
77.01;BIENES Y SERVICIOS DE INVERSION ;Impuestos Tasas y Contribuciones;63.560,61;2800;66.360,61;30.839,35;25.732,37;25.713,82;23.185,63;5.106,98;18,55;43174,98;38,75
77.01.02;BIENES Y SERVICIOS DE INVERSION ;Tasas Generales Impuestos Contribuciones Permisos Licencias y Patentes;63.560,61;2800;66.360,61;30.839,35;25.732,37;25.713,82;23.185,63;5.106,98;18,55;43174,98;38,75
77.02;OBRAS PUBLICAS;Seguros Costos Financieros y Otros Egresos;193.240,83;-35000;158.240,83;124.654,32;95.932,30;95.905,65;95.495,29;28.722,02;26,65;62745,54;60,61
77.02.01;OBRAS PUBLICAS;Seguros;189.000,00;-35000;154.000,00;123.560,97;94.864,87;94.864,87;94.864,87;28.696,10;0;59135,13;61,6
77.02.06;OBRAS PUBLICAS;Costas Judiciales Tramites Notariales Legalizacion de Documentos y Arreglos Extrajudiciales;4.240,83;0;4.240,83;1.093,35;1.067,43;1.040,78;630,42;25,92;26,65;3610,41;24,54
78;OBRAS PUBLICAS;TRANSFERENCIAS O DONACIONES PARA INVERSION;549.218,39;-73750;475.468,39;274.041,28;274.041,28;274.041,28;274.041,28;0;0;201427,11;57,64
78.01;OBRAS PUBLICAS;Transferencias o Donaciones para Inversión al Sector Publico;526.218,39;-73750;452.468,39;266.041,28;266.041,28;266.041,28;266.041,28;0;0;186427,11;58,8
78.01.02;OBRAS PUBLICAS;A Entidades Descentralizadas y Autonomas Transferencias para Inversion;160.600,00;-40000;120.600,00;73.000,00;73.000,00;73.000,00;73.000,00;0;0;47600;60,53
78.01.03;OBRAS PUBLICAS;A Empresas Publicas;245.272,00;-33750;211.522,00;125.000,00;125.000,00;125.000,00;125.000,00;0;0;86522;59,1
78.01.04;OBRAS PUBLICAS;A Gobiernos Autonomos Descentralizados;65.001,00;0;65.001,00;24.900,00;24.900,00;24.900,00;24.900,00;0;0;40101;38,31
78.01.08;OBRAS PUBLICAS;A Cuentas o Fondos Especiales;55.345,39;0;55.345,39;43.141,28;43.141,28;43.141,28;43.141,28;0;0;12204,11;77,95
78.02;OBRAS PUBLICAS;Transferencias o Donaciones de Inversion al Sector Privado Interno;15.000,00;0;15.000,00;0;0;0;0;0;0;15000;0
78.02.06;OBRAS PUBLICAS;Becas;15.000,00;0;15.000,00;0;0;0;0;0;0;15000;0
78.03;OBRAS PUBLICAS;Transferencias o Donaciones de Inversion al Exterior;8.000,00;0;8.000,00;8.000,00;8.000,00;8.000,00;8.000,00;0;0;0;100
78.03.04;OBRAS PUBLICAS;Transferencias o Donaciones de Inversion al Sector Privado no Financiero;8.000,00;0;8.000,00;8.000,00;8.000,00;8.000,00;8.000,00;0;0;0;100
8;OBRAS PUBLICAS;GASTOS DE CAPITAL;2.161.949,80;796356;2.958.305,80;2.487.099,71;2.023.236,10;1.704.976,52;1.436.092,57;463.863,61;318.259,58;1522213,23;57,63
84;OBRAS PUBLICAS;BIENES DE LARGA DURACION PROPIEDADES PLANTA Y EQUIPO;2.161.949,80;796356;2.958.305,80;2.487.099,71;2.023.236,10;1.704.976,52;1.436.092,57;463.863,61;318.259,58;1522213,23;57,63
84.01;OBRAS PUBLICAS;Bienes Muebles;2.014.236,88;841396,04;2.855.632,92;2.486.743,57;2.022.879,96;1.704.620,38;1.436.092,57;463.863,61;318.259,58;1419540,35;59,69
84.01.03;OTROS EGRESOS DE INVERSION ;Mobiliarios;6.918,50;16000;22.918,50;17.374,23;0;0;0;17.374,23;0;22918,5;0
84.01.04;OTROS EGRESOS DE INVERSION ;Maquinarias y Equipos;926.019,67;828446,04;1.754.465,71;1.602.862,68;1.390.222,00;1.263.653,42;1.187.783,81;212.640,68;126.568,58;566681,9;72,02
84.01.05;OTROS EGRESOS DE INVERSION ;Vehiculos;519.122,56;7500;526.622,56;379.831,83;211.984,26;26.078,26;26.078,26;167.847,57;185.906,00;500544,3;4,95
84.01.06;OTROS EGRESOS DE INVERSION ;Herramientas;5.064,57;0;5.064,57;5.050,00;5.040,00;0;0;10;5.040,00;5064,57;0
84.01.07;OTROS EGRESOS DE INVERSION ;Equipos Sistemas y Paquetes Informaticos;461.612,00;-550;461.062,00;436.624,83;415.633,70;414.888,70;222.230,50;20.991,13;745;238831,5;89,99
84.01.11;OTROS EGRESOS DE INVERSION ;Partes y Repuestos;10.000,00;-10000;0;0;0;0;0;0;0;0;0
84.01.13;TRASNFERENCIA PARA INVERSION ;Equipos Medicos;85.499,58;0;85.499,58;45.000,00;0;0;0;45.000,00;0;85499,58;0
84.02;TRASNFERENCIA PARA INVERSION ;Bienes Inmuebles;87.711,92;-45040,04;42.671,88;356,14;356,14;356,14;0;0;0;42671,88;0,83
84.02.01;TRASNFERENCIA PARA INVERSION ;Terrenos Inmuebles;87.711,92;-45040,04;42.671,88;356,14;356,14;356,14;0;0;0;42671,88;0,83
84.03;TRASNFERENCIA PARA INVERSION ;Expropiaciones de Bienes;1;0;1;0;0;0;0;0;0;1;0
84.03.01;TRASNFERENCIA PARA INVERSION ;Terrenos Expropiacion;1;0;1;0;0;0;0;0;0;1;0
84.04;TRASNFERENCIA PARA INVERSION ;Intangibles;60.000,00;0;60.000,00;0;0;0;0;0;0;60000;0
84.04.02;TRASNFERENCIA PARA INVERSION ;Licencias Computacionales;60.000,00;0;60.000,00;0;0;0;0;0;0;60000;0
9;TRASNFERENCIA PARA INVERSION ;APLICACION DEL FINANCIAMIENTO;3.489.105,12;0;3.489.105,12;2.470.089,98;2.470.089,98;2.470.089,98;2.361.913,21;0;0;1127191,91;70,79
96;TRASNFERENCIA PARA INVERSION ;AMORTIZACION DE LA DEUDA PUBLICA;304.603,80;0;304.603,80;284.433,46;284.433,46;284.433,46;284.433,44;0;0;20170,36;93,38
96.02;TRASNFERENCIA PARA INVERSION ;Amortizacion Deuda Interna;304.603,80;0;304.603,80;284.433,46;284.433,46;284.433,46;284.433,44;0;0;20170,36;93,38
96.02.01;EGRESOS DE CAPITAL;Al Sector Publico Financiero;304.603,80;0;304.603,80;284.433,46;284.433,46;284.433,46;284.433,44;0;0;20170,36;93,38
97;BIENES DE LARGA DURACION;PASIVO CIRCULANTE;3.184.501,32;0;3.184.501,32;2.185.656,52;2.185.656,52;2.185.656,52;2.077.479,77;0;0;1107021,55;68,63
97.01;BIENES DE LARGA DURACION;Deuda Flotante;3.184.501,32;0;3.184.501,32;2.185.656,52;2.185.656,52;2.185.656,52;2.077.479,77;0;0;1107021,55;68,63
97.01.01;BIENES DE LARGA DURACION;De Cuentas por Pagar;3.184.501,32;0;3.184.501,32;2.185.656,52;2.185.656,52;2.185.656,52;2.077.479,77;0;0;1107021,55;68,63
;;;21.777.180,14;0;21.777.180,14;14.210.595,21;11.298.524,48;10.096.922,40;9.417.280,80;2.912.070,73;1.201.602,08;12359899,34;46,36
